gp_2015-2016,gp_2016-2017,gp_2017-2018,gp_2018-2019,gp_2019-2020,gp_2020-2021,gp_2021-2022,gp_2022-2023,gp_2023-2024,gp_2024-2025,Age,Draft Year,full_name
0.0,0.0,0.0,0.0,0.0,61.0,73.0,55.0,148.0,30.0,25.0,2020,Precious Achiuwa
80.0,80.0,76.0,80.0,63.0,58.0,76.0,42.0,0.0,35.0,31.0,2013,Steven Adams
0.0,0.0,69.0,82.0,72.0,64.0,56.0,75.0,71.0,47.0,27.0,2017,Bam Adebayo
0.0,0.0,0.0,0.0,0.0,0.0,0.0,59.0,156.0,44.0,24.0,2022,Ochai Agbaji
0.0,0.0,0.0,0.0,0.0,0.0,0.0,0.0,0.0,0.0,,,James Akinjo
0.0,0.0,0.0,0.0,0.0,0.0,32.0,77.0,61.0,42.0,24.0,2021,Santi Aldama
0.0,0.0,0.0,0.0,0.0,0.0,0.0,0.0,0.0,14.0,21.0,Undrafted,Trey Alexander
0.0,0.0,0.0,0.0,47.0,46.0,65.0,118.0,82.0,50.0,26.0,2019,Nickeil Alexander-Walker
0.0,0.0,0.0,38.0,38.0,50.0,66.0,72.0,75.0,40.0,29.0,2018,Grayson Allen
0.0,0.0,72.0,80.0,70.0,63.0,56.0,68.0,77.0,50.0,26.0,2017,Jarrett Allen
0.0,0.0,0.0,0.0,0.0,0.0,54.0,61.0,56.0,27.0,26.0,Undrafted,Jose Alvarado
78.0,72.0,74.0,43.0,67.0,69.0,69.0,69.0,79.0,36.0,31.0,2014,Kyle Anderson
80.0,80.0,75.0,72.0,63.0,61.0,67.0,63.0,73.0,41.0,30.0,2013,Giannis Antetokounmpo
0.0,0.0,0.0,0.0,0.0,47.0,65.0,60.0,81.0,46.0,24.0,2020,Cole Anthony
0.0,0.0,74.0,67.0,69.0,43.0,48.0,67.0,100.0,49.0,27.0,2017,OG Anunoby
0.0,0.0,0.0,0.0,0.0,0.0,0.0,0.0,0.0,0.0,,,Adonis Arms
0.0,0.0,0.0,0.0,0.0,0.0,0.0,0.0,0.0,0.0,,,Mark Armstrong
0.0,0.0,0.0,0.0,0.0,54.0,82.0,76.0,75.0,48.0,24.0,2020,Deni Avdija
0.0,0.0,0.0,71.0,38.0,69.0,58.0,67.0,55.0,37.0,26.0,2018,Deandre Ayton
0.0,0.0,0.0,0.0,0.0,0.0,0.0,0.0,0.0,0.0,,,Armando Bacot
0.0,0.0,0.0,62.0,13.0,43.0,48.0,42.0,100.0,19.0,25.0,2018,Marvin Bagley III
0.0,0.0,0.0,0.0,0.0,0.0,0.0,0.0,10.0,0.0,,,Amari Bailey
0.0,0.0,0.0,0.0,0.0,0.0,0.0,31.0,38.0,22.0,22.0,2022,Patrick Baldwin Jr.
0.0,0.0,0.0,0.0,0.0,51.0,75.0,36.0,22.0,31.0,23.0,2020,LaMelo Ball
0.0,0.0,52.0,47.0,63.0,55.0,35.0,0.0,0.0,30.0,27.0,2017,Lonzo Ball
0.0,0.0,0.0,47.0,62.0,46.0,71.0,98.0,57.0,28.0,26.0,2018,Mo Bamba
0.0,0.0,0.0,0.0,0.0,0.0,0.0,72.0,80.0,17.0,22.0,2022,Paolo Banchero
0.0,0.0,0.0,0.0,0.0,68.0,76.0,58.0,42.0,40.0,26.0,2020,Desmond Bane
0.0,0.0,0.0,0.0,0.0,0.0,64.0,31.0,108.0,39.0,25.0,2021,Dalano Banton
0.0,0.0,0.0,0.0,0.0,0.0,0.0,28.0,33.0,13.0,21.0,Undrafted,Dominick Barlow
66.0,79.0,77.0,77.0,72.0,58.0,77.0,82.0,82.0,47.0,32.0,2012,Harrison Barnes
0.0,0.0,0.0,0.0,0.0,0.0,74.0,77.0,60.0,37.0,23.0,2021,Scottie Barnes
0.0,0.0,0.0,0.0,56.0,72.0,70.0,73.0,116.0,41.0,24.0,2019,RJ Barrett
0.0,0.0,0.0,0.0,0.0,0.0,23.0,35.0,19.0,32.0,24.0,2021,Charles Bassey
0.0,0.0,0.0,0.0,0.0,0.0,0.0,0.0,15.0,4.0,21.0,2023,Emoni Bates
0.0,0.0,0.0,30.0,44.0,30.0,59.0,67.0,106.0,0.0,,,Keita Bates-Diop
0.0,0.0,0.0,0.0,0.0,0.0,0.0,0.0,0.0,34.0,23.0,Undrafted,Jamison Battle
70.0,77.0,64.0,75.0,22.0,67.0,59.0,78.0,120.0,48.0,36.0,2008,Nicolas Batum
55.0,77.0,82.0,82.0,57.0,60.0,40.0,50.0,53.0,36.0,31.0,2012,Bradley Beal
0.0,22.0,62.0,81.0,55.0,37.0,79.0,162.0,79.0,50.0,28.0,2016,Malik Beasley
0.0,0.0,0.0,0.0,0.0,0.0,0.0,52.0,48.0,25.0,24.0,2022,MarJon Beauchamp
0.0,0.0,0.0,0.0,0.0,0.0,0.0,0.0,0.0,0.0,,,Charles Bediako
0.0,0.0,0.0,0.0,0.0,0.0,0.0,0.0,0.0,2.0,23.0,Undrafted,Reece Beekman
0.0,0.0,0.0,0.0,0.0,0.0,0.0,0.0,19.0,0.0,,,Jules Bernard
0.0,0.0,0.0,0.0,0.0,70.0,82.0,154.0,63.0,0.0,,,Saddiq Bey
0.0,0.0,0.0,0.0,54.0,45.0,50.0,76.0,62.0,40.0,25.0,2019,Goga Bitadze
0.0,0.0,0.0,0.0,0.0,0.0,0.0,0.0,23.0,0.0,,,Onuralp Bitim
0.0,0.0,0.0,0.0,0.0,0.0,0.0,0.0,69.0,47.0,21.0,2023,Anthony Black
0.0,0.0,0.0,0.0,0.0,0.0,0.0,0.0,26.0,0.0,,,Leaky Black
0.0,0.0,78.0,70.0,61.0,44.0,63.0,0.0,0.0,24.0,32.0,2014,Bogdan Bogdanović
79.0,81.0,80.0,81.0,63.0,72.0,69.0,0.0,0.0,0.0,,,Bojan Bogdanović
0.0,0.0,0.0,0.0,7.0,32.0,14.0,70.0,43.0,13.0,25.0,2019,Bol Bol
0.0,0.0,0.0,0.0,0.0,0.0,0.0,0.0,0.0,34.0,21.0,2024,Adem Bona
76.0,78.0,54.0,64.0,70.0,67.0,68.0,53.0,68.0,44.0,28.0,2015,Devin Booker
0.0,0.0,0.0,0.0,0.0,0.0,51.0,22.0,32.0,41.0,23.0,2021,Brandon Boston Jr.
0.0,0.0,1.0,28.0,62.0,60.0,80.0,76.0,50.0,43.0,32.0,Undrafted,Chris Boucher
0.0,0.0,0.0,0.0,0.0,0.0,0.0,66.0,75.0,30.0,21.0,2022,Malaki Branham
0.0,0.0,0.0,0.0,0.0,0.0,0.0,76.0,82.0,49.0,23.0,2022,Christian Braun
0.0,0.0,0.0,0.0,0.0,0.0,0.0,0.0,0.0,4.0,23.0,Undrafted,Jalen Bridges
0.0,0.0,0.0,82.0,73.0,72.0,82.0,166.0,82.0,51.0,28.0,2018,Mikal Bridges
0.0,0.0,0.0,80.0,65.0,66.0,80.0,0.0,69.0,33.0,26.0,2018,Miles Bridges
0.0,75.0,48.0,64.0,54.0,56.0,36.0,67.0,39.0,20.0,32.0,2016,Malcolm Brogdon
0.0,0.0,82.0,18.0,73.0,67.0,32.0,73.0,72.0,47.0,29.0,2017,Dillon Brooks
0.0,0.0,0.0,0.0,0.0,0.0,0.0,0.0,0.0,0.0,,,Keion Brooks Jr.
0.0,0.0,0.0,74.0,58.0,65.0,72.0,80.0,134.0,17.0,28.0,2018,Bruce Brown
0.0,78.0,70.0,74.0,57.0,58.0,66.0,67.0,70.0,44.0,28.0,2016,Jaylen Brown
0.0,0.0,0.0,0.0,0.0,0.0,0.0,6.0,15.0,0.0,,,Kendall Brown
0.0,0.0,0.0,0.0,0.0,0.0,0.0,0.0,44.0,20.0,25.0,2023,Kobe Brown
0.0,0.0,0.0,0.0,9.0,43.0,40.0,72.0,22.0,9.0,25.0,Undrafted,Moses Brown
0.0,0.0,0.0,0.0,10.0,9.0,22.0,0.0,8.0,0.0,,,Charlie Brown Jr.
0.0,0.0,0.0,73.0,57.0,68.0,79.0,68.0,77.0,50.0,28.0,2018,Jalen Brunson
0.0,0.0,15.0,72.0,46.0,10.0,27.0,118.0,38.0,10.0,27.0,2017,Thomas Bryant
0.0,0.0,0.0,0.0,0.0,0.0,0.0,0.0,17.0,10.0,21.0,2023,Kobe Bufkin
31.0,42.0,64.0,64.0,66.0,49.0,81.0,51.0,132.0,26.0,33.0,2011,Alec Burks
0.0,0.0,0.0,0.0,0.0,0.0,42.0,6.0,40.0,32.0,24.0,2021,Jared Butler
67.0,76.0,59.0,65.0,58.0,52.0,57.0,64.0,60.0,25.0,35.0,2011,Jimmy Butler
0.0,0.0,0.0,0.0,0.0,0.0,0.0,0.0,0.0,49.0,20.0,2024,Matas Buzelis
0.0,0.0,0.0,0.0,0.0,0.0,0.0,18.0,26.0,19.0,25.0,Undrafted,Jamal Cain
76.0,76.0,74.0,82.0,69.0,67.0,77.0,76.0,76.0,48.0,31.0,2013,Kentavious Caldwell-Pope
0.0,0.0,0.0,0.0,0.0,0.0,0.0,0.0,70.0,49.0,24.0,2023,Toumani Camara
77.0,65.0,74.0,67.0,39.0,63.0,74.0,65.0,73.0,45.0,30.0,2014,Clint Capela
0.0,0.0,0.0,0.0,0.0,0.0,0.0,0.0,0.0,15.0,25.0,Undrafted,Branden Carlson
0.0,0.0,0.0,0.0,0.0,0.0,0.0,0.0,0.0,49.0,19.0,2024,Carlton Carrington
0.0,0.0,0.0,0.0,0.0,0.0,0.0,0.0,0.0,14.0,22.0,2024,Devin Carter
0.0,0.0,0.0,39.0,58.0,60.0,66.0,81.0,72.0,23.0,29.0,2018,Jevon Carter
0.0,0.0,0.0,44.0,43.0,54.0,62.0,57.0,55.0,38.0,25.0,2018,Wendell Carter Jr.
0.0,0.0,0.0,0.0,0.0,0.0,0.0,0.0,4.0,4.0,24.0,Undrafted,D.J. Carton
0.0,0.0,37.0,25.0,64.0,58.0,41.0,67.0,71.0,28.0,30.0,Undrafted,Alex Caruso
0.0,0.0,0.0,0.0,0.0,0.0,0.0,0.0,0.0,46.0,20.0,2024,Stephon Castle
0.0,0.0,0.0,0.0,0.0,0.0,0.0,0.0,16.0,10.0,24.0,Undrafted,Colin Castleton
0.0,0.0,0.0,0.0,0.0,0.0,0.0,34.0,74.0,47.0,23.0,Undrafted,Julian Champagnie
0.0,0.0,0.0,0.0,0.0,0.0,36.0,10.0,15.0,31.0,23.0,Undrafted,Justin Champagnie
0.0,0.0,0.0,0.0,0.0,0.0,0.0,0.0,0.0,6.0,19.0,2024,Ulrich Chomche
0.0,0.0,0.0,0.0,0.0,0.0,0.0,0.0,0.0,5.0,19.0,2024,Cam Christie
0.0,0.0,0.0,0.0,0.0,0.0,0.0,41.0,67.0,46.0,21.0,2022,Max Christie
0.0,0.0,0.0,0.0,0.0,0.0,74.0,64.0,0.0,8.0,23.0,2021,Josh Christopher
0.0,0.0,0.0,0.0,0.0,0.0,0.0,0.0,12.0,17.0,20.0,2023,Sidy Cissoko
0.0,0.0,0.0,0.0,0.0,0.0,0.0,0.0,0.0,8.0,23.0,2023,Jaylen Clark
0.0,0.0,0.0,0.0,58.0,59.0,64.0,56.0,6.0,46.0,28.0,2019,Brandon Clarke
79.0,82.0,81.0,81.0,71.0,68.0,79.0,61.0,55.0,26.0,32.0,2014,Jordan Clarkson
0.0,0.0,0.0,0.0,15.0,32.0,47.0,76.0,71.0,43.0,25.0,2019,Nic Claxton
0.0,0.0,0.0,0.0,0.0,0.0,0.0,0.0,0.0,37.0,20.0,2024,Donovan Clingan
0.0,0.0,0.0,0.0,0.0,0.0,0.0,0.0,23.0,37.0,20.0,2023,Noah Clowney
0.0,0.0,0.0,0.0,18.0,44.0,69.0,50.0,70.0,49.0,27.0,Undrafted,Amir Coffey
0.0,0.0,0.0,0.0,0.0,0.0,0.0,0.0,0.0,40.0,20.0,2024,Isaiah Collier
0.0,0.0,74.0,61.0,41.0,63.0,54.0,71.0,68.0,31.0,27.0,2017,John Collins
0.0,0.0,66.0,77.0,11.0,0.0,28.0,63.0,69.0,36.0,27.0,2017,Zach Collins
56.0,69.0,12.0,70.0,47.0,51.0,72.0,134.0,76.0,45.0,37.0,2007,Mike Conley
34.0,39.0,82.0,61.0,67.0,69.0,65.0,61.0,76.0,28.0,32.0,2015,Pat Connaughton
0.0,0.0,0.0,0.0,0.0,0.0,0.0,0.0,63.0,45.0,20.0,2023,Bilal Coulibaly
0.0,0.0,0.0,0.0,0.0,0.0,0.0,0.0,32.0,41.0,23.0,Undrafted,Ricky Council IV
0.0,0.0,39.0,75.0,58.0,50.0,78.0,79.0,53.0,9.0,34.0,Undrafted,Torrey Craig
0.0,0.0,0.0,0.0,0.0,0.0,0.0,0.0,0.0,3.0,23.0,Undrafted,Isaiah Crawford
0.0,0.0,0.0,0.0,0.0,0.0,0.0,0.0,1.0,0.0,,,Jalen Crutcher
0.0,0.0,0.0,0.0,63.0,34.0,37.0,10.0,0.0,0.0,,,Jarrett Culver
0.0,0.0,0.0,0.0,0.0,0.0,64.0,12.0,62.0,46.0,23.0,2021,Cade Cunningham
44.0,70.0,0.0,74.0,64.0,57.0,64.0,61.0,88.0,40.0,34.0,Undrafted,Seth Curry
79.0,79.0,51.0,69.0,5.0,63.0,64.0,56.0,74.0,40.0,36.0,2009,Stephen Curry
0.0,0.0,0.0,0.0,0.0,0.0,0.0,0.0,0.0,13.0,19.0,2024,Pacôme Dadiet
0.0,0.0,0.0,0.0,0.0,0.0,0.0,0.0,0.0,0.0,,,Caleb Daniels
0.0,0.0,0.0,0.0,0.0,0.0,0.0,59.0,61.0,45.0,21.0,2022,Dyson Daniels
0.0,0.0,0.0,0.0,0.0,0.0,0.0,0.0,0.0,0.0,,,N'Faly Dante
0.0,0.0,0.0,0.0,0.0,7.0,0.0,0.0,0.0,0.0,,,Nate Darling
61.0,75.0,75.0,56.0,62.0,36.0,40.0,56.0,76.0,42.0,31.0,2012,Anthony Davis
0.0,0.0,0.0,0.0,0.0,0.0,0.0,28.0,50.0,33.0,22.0,2022,Johnny Davis
0.0,0.0,0.0,0.0,72.0,61.0,30.0,64.0,0.0,0.0,,,Terence Davis
0.0,0.0,0.0,0.0,0.0,0.0,0.0,12.0,8.0,5.0,22.0,2022,JD Davison
78.0,74.0,80.0,77.0,68.0,61.0,76.0,74.0,79.0,44.0,35.0,2009,DeMar DeRozan
0.0,0.0,0.0,27.0,66.0,66.0,42.0,72.0,81.0,40.0,28.0,2018,Donte DiVincenzo
0.0,0.0,0.0,0.0,0.0,0.0,0.0,0.0,0.0,40.0,23.0,2022,Moussa Diabaté
0.0,0.0,0.0,0.0,0.0,14.0,13.0,22.0,12.0,0.0,,,Mamadi Diakite
0.0,0.0,0.0,0.0,0.0,0.0,0.0,0.0,60.0,43.0,21.0,2023,Gradey Dick
0.0,0.0,0.0,0.0,0.0,0.0,0.0,39.0,33.0,28.0,21.0,2022,Ousmane Dieng
0.0,0.0,0.0,0.0,0.0,0.0,0.0,0.0,0.0,25.0,20.0,2024,Rob Dillingham
12.0,59.0,80.0,68.0,64.0,3.0,67.0,158.0,152.0,49.0,31.0,2014,Spencer Dinwiddie
0.0,0.0,0.0,72.0,61.0,66.0,65.0,0.0,0.0,22.0,25.0,2018,Luka Dončić
0.0,0.0,0.0,0.0,36.0,52.0,51.0,74.0,79.0,46.0,25.0,Undrafted,Luguentz Dort
0.0,0.0,0.0,0.0,0.0,0.0,77.0,80.0,76.0,40.0,25.0,2021,Ayo Dosunmu
0.0,0.0,0.0,0.0,0.0,0.0,0.0,0.0,0.0,23.0,27.0,Undrafted,Jeff Dowtin Jr.
0.0,0.0,2.0,6.0,29.0,50.0,18.0,16.0,0.0,9.0,28.0,Undrafted,PJ Dozier
81.0,81.0,78.0,79.0,57.0,46.0,73.0,67.0,79.0,28.0,31.0,2012,Andre Drummond
0.0,0.0,0.0,0.0,0.0,0.0,55.0,46.0,59.0,17.0,27.0,2021,Chris Duarte
0.0,0.0,0.0,0.0,0.0,0.0,0.0,0.0,0.0,11.0,24.0,Undrafted,Alex Ducas
0.0,0.0,0.0,0.0,0.0,0.0,22.0,23.0,4.0,2.0,25.0,Undrafted,David Duke Jr.
0.0,78.0,52.0,46.0,51.0,4.0,14.0,22.0,66.0,43.0,30.0,2016,Kris Dunn
0.0,0.0,0.0,0.0,0.0,0.0,0.0,0.0,0.0,44.0,22.0,2024,Ryan Dunn
72.0,62.0,68.0,78.0,0.0,35.0,55.0,94.0,75.0,39.0,36.0,2007,Kevin Durant
0.0,0.0,0.0,0.0,0.0,0.0,0.0,67.0,61.0,47.0,21.0,2022,Jalen Duren
0.0,0.0,0.0,0.0,0.0,0.0,0.0,82.0,22.0,33.0,23.0,2022,Tari Eason
0.0,0.0,0.0,0.0,0.0,0.0,0.0,0.0,0.0,36.0,22.0,2024,Zach Edey
0.0,0.0,0.0,0.0,0.0,72.0,72.0,79.0,79.0,49.0,23.0,2020,Anthony Edwards
0.0,0.0,0.0,0.0,0.0,0.0,0.0,0.0,0.0,0.0,,,Jesse Edwards
0.0,0.0,0.0,0.0,0.0,0.0,0.0,0.0,0.0,20.0,21.0,Undrafted,Justin Edwards
0.0,0.0,0.0,0.0,0.0,0.0,48.0,72.0,54.0,21.0,24.0,2021,Kessler Edwards
0.0,0.0,0.0,0.0,0.0,0.0,0.0,0.0,0.0,0.0,,,Boogie Ellis
0.0,0.0,0.0,0.0,0.0,0.0,0.0,16.0,57.0,47.0,25.0,Undrafted,Keon Ellis
0.0,31.0,63.0,64.0,51.0,51.0,68.0,66.0,39.0,14.0,30.0,2014,Joel Embiid
0.0,0.0,0.0,0.0,0.0,0.0,0.0,0.0,0.0,0.0,,,Aaron Estrada
0.0,0.0,0.0,23.0,22.0,54.0,71.0,78.0,75.0,37.0,28.0,Undrafted,Drew Eubanks
0.0,0.0,0.0,0.0,0.0,0.0,0.0,0.0,34.0,16.0,23.0,Undrafted,Tosan Evbuomwan
0.0,0.0,0.0,0.0,0.0,0.0,0.0,0.0,0.0,3.0,29.0,2014,Danté Exum
0.0,0.0,0.0,0.0,56.0,33.0,30.0,78.0,45.0,17.0,26.0,2019,Bruno Fernando
0.0,0.0,0.0,0.0,0.0,0.0,0.0,0.0,0.0,0.0,,,Max Fiedler
0.0,0.0,0.0,0.0,0.0,0.0,0.0,0.0,0.0,38.0,21.0,2024,Kyle Filipowski
0.0,81.0,21.0,81.0,71.0,60.0,80.0,132.0,68.0,20.0,31.0,Undrafted,Dorian Finney-Smith
0.0,0.0,0.0,0.0,0.0,0.0,0.0,0.0,2.0,17.0,25.0,Undrafted,Adam Flagler
0.0,0.0,0.0,0.0,0.0,0.0,0.0,0.0,0.0,2.0,19.0,Undrafted,Trentyn Flowers
0.0,0.0,0.0,0.0,0.0,47.0,44.0,53.0,138.0,0.0,,,Malachi Flynn
0.0,0.0,0.0,0.0,0.0,0.0,0.0,52.0,132.0,45.0,29.0,Undrafted,Simone Fontecchio
0.0,0.0,73.0,81.0,51.0,58.0,59.0,73.0,74.0,45.0,27.0,2017,De'Aaron Fox
0.0,0.0,0.0,0.0,0.0,0.0,0.0,0.0,0.0,19.0,24.0,2024,Enrique Freeman
0.0,0.0,0.0,0.0,0.0,0.0,0.0,0.0,5.0,0.0,,,Andrew Funk
0.0,0.0,0.0,0.0,0.0,0.0,0.0,0.0,0.0,32.0,20.0,2024,Johnny Furphy
0.0,0.0,0.0,0.0,43.0,54.0,72.0,78.0,148.0,48.0,26.0,2019,Daniel Gafford
0.0,0.0,0.0,0.0,59.0,54.0,68.0,69.0,57.0,48.0,25.0,2019,Darius Garland
0.0,0.0,0.0,0.0,0.0,0.0,32.0,28.0,25.0,18.0,26.0,2021,Luka Garza
0.0,0.0,0.0,0.0,0.0,0.0,0.0,0.0,75.0,38.0,21.0,2023,Keyonte George
0.0,0.0,0.0,0.0,0.0,0.0,0.0,0.0,0.0,44.0,21.0,2024,Kyshawn George
81.0,75.0,79.0,77.0,48.0,54.0,31.0,56.0,74.0,30.0,34.0,2010,Paul George
73.0,78.0,82.0,70.0,62.0,45.0,52.0,49.0,40.0,20.0,39.0,2009,Taj Gibson
0.0,0.0,0.0,0.0,0.0,0.0,54.0,76.0,80.0,47.0,22.0,2021,Josh Giddey
0.0,0.0,0.0,0.0,0.0,0.0,0.0,0.0,0.0,0.0,,,Harry Giles III
0.0,0.0,0.0,82.0,70.0,35.0,56.0,68.0,75.0,47.0,26.0,2018,Shai Gilgeous-Alexander
0.0,0.0,0.0,0.0,0.0,26.0,44.0,59.0,50.0,35.0,32.0,Undrafted,Anthony Gill
0.0,0.0,0.0,0.0,0.0,0.0,0.0,0.0,24.0,5.0,25.0,Undrafted,Collin Gillespie
0.0,0.0,0.0,0.0,0.0,0.0,0.0,1.0,82.0,0.0,,,Jacob Gilyard
61.0,81.0,56.0,81.0,68.0,71.0,66.0,70.0,76.0,50.0,32.0,2013,Rudy Gobert
0.0,0.0,0.0,0.0,0.0,0.0,2.0,62.0,114.0,0.0,,,Jordan Goodwin
78.0,80.0,58.0,78.0,62.0,50.0,75.0,68.0,73.0,28.0,29.0,2014,Aaron Gordon
45.0,75.0,69.0,68.0,36.0,27.0,57.0,138.0,68.0,36.0,36.0,2008,Eric Gordon
0.0,0.0,0.0,0.0,0.0,0.0,0.0,0.0,0.0,16.0,21.0,Undrafted,Jazian Gortman
0.0,0.0,0.0,46.0,63.0,55.0,76.0,146.0,23.0,0.0,,,Devonte' Graham
77.0,80.0,81.0,80.0,71.0,54.0,47.0,63.0,54.0,39.0,30.0,2014,Jerami Grant
0.0,0.0,0.0,0.0,0.0,0.0,0.0,0.0,0.0,41.0,25.0,Undrafted,AJ Green
81.0,76.0,70.0,66.0,43.0,63.0,46.0,73.0,55.0,35.0,34.0,2012,Draymond Green
0.0,0.0,0.0,0.0,0.0,0.0,67.0,76.0,82.0,50.0,22.0,2021,Jalen Green
0.0,0.0,0.0,0.0,48.0,41.0,65.0,32.0,9.0,45.0,31.0,Undrafted,Javonte Green
80.0,69.0,78.0,77.0,48.0,68.0,75.0,56.0,78.0,14.0,38.0,2007,Jeff Green
0.0,0.0,0.0,0.0,0.0,39.0,67.0,60.0,57.0,44.0,24.0,2020,Josh Green
0.0,0.0,0.0,0.0,0.0,0.0,46.0,71.0,102.0,47.0,24.0,2021,Quentin Grimes
0.0,0.0,0.0,0.0,0.0,0.0,0.0,0.0,6.0,5.0,22.0,2023,Mouhamed Gueye
0.0,0.0,0.0,0.0,48.0,57.0,42.0,126.0,68.0,41.0,26.0,2019,Rui Hachimura
0.0,0.0,0.0,0.0,0.0,58.0,77.0,56.0,69.0,48.0,24.0,2020,Tyrese Haliburton
0.0,0.0,0.0,0.0,0.0,0.0,0.0,0.0,0.0,10.0,22.0,Undrafted,PJ Hall
51.0,79.0,57.0,65.0,71.0,70.0,42.0,71.0,79.0,46.0,32.0,2013,Tim Hardaway Jr.
82.0,81.0,72.0,78.0,68.0,44.0,65.0,58.0,72.0,47.0,35.0,2009,James Harden
0.0,0.0,0.0,0.0,0.0,0.0,0.0,48.0,73.0,39.0,22.0,2022,Jaden Hardy
0.0,0.0,0.0,0.0,0.0,0.0,0.0,0.0,0.0,9.0,25.0,Undrafted,Elijah Harkless
0.0,0.0,0.0,0.0,0.0,0.0,0.0,9.0,1.0,0.0,,,Ron Harper Jr.
76.0,57.0,67.0,57.0,56.0,39.0,61.0,48.0,54.0,23.0,30.0,2014,Gary Harris
0.0,0.0,0.0,0.0,0.0,0.0,0.0,34.0,2.0,0.0,,,Kevon Harris
76.0,82.0,80.0,82.0,72.0,62.0,73.0,74.0,70.0,48.0,32.0,2011,Tobias Harris
0.0,0.0,63.0,67.0,65.0,47.0,54.0,152.0,81.0,50.0,29.0,2017,Josh Hart
0.0,0.0,0.0,28.0,23.0,46.0,68.0,82.0,75.0,28.0,26.0,2017,Isaiah Hartenstein
0.0,0.0,0.0,0.0,0.0,0.0,26.0,80.0,79.0,42.0,27.0,Undrafted,Sam Hauser
0.0,0.0,0.0,0.0,0.0,0.0,0.0,0.0,67.0,32.0,22.0,2023,Jordan Hawkins
0.0,0.0,0.0,0.0,64.0,60.0,70.0,47.0,70.0,27.0,24.0,2019,Jaxson Hayes
0.0,0.0,0.0,0.0,0.0,26.0,66.0,76.0,42.0,0.0,,,Killian Hayes
0.0,0.0,0.0,0.0,0.0,0.0,0.0,0.0,62.0,44.0,21.0,2023,Scoot Henderson
0.0,0.0,0.0,0.0,0.0,0.0,0.0,0.0,40.0,3.0,21.0,2023,Taylor Hendricks
0.0,0.0,0.0,0.0,55.0,54.0,66.0,67.0,42.0,47.0,25.0,2019,Tyler Herro
0.0,82.0,80.0,82.0,72.0,71.0,81.0,80.0,168.0,49.0,32.0,2016,Buddy Hield
0.0,0.0,0.0,5.0,0.0,0.0,19.0,54.0,66.0,46.0,28.0,2018,Haywood Highsmith
0.0,0.0,0.0,0.0,0.0,0.0,19.0,5.0,0.0,0.0,,,Malcolm Hill
0.0,0.0,0.0,0.0,0.0,0.0,0.0,0.0,0.0,0.0,,,Blake Hinson
0.0,0.0,0.0,0.0,0.0,21.0,2.0,0.0,15.0,0.0,,,Nate Hinton
0.0,0.0,0.0,50.0,66.0,66.0,63.0,63.0,78.0,36.0,28.0,2018,Aaron Holiday
65.0,67.0,81.0,67.0,61.0,59.0,67.0,67.0,69.0,44.0,34.0,2009,Jrue Holiday
0.0,0.0,0.0,0.0,0.0,0.0,0.0,0.0,0.0,50.0,19.0,2024,Ronald Holland II
51.0,57.0,48.0,70.0,44.0,61.0,45.0,42.0,80.0,12.0,31.0,2015,Richaun Holmes
0.0,0.0,0.0,0.0,0.0,0.0,0.0,0.0,0.0,0.0,,,DaRon Holmes II
0.0,0.0,0.0,0.0,0.0,0.0,0.0,0.0,82.0,10.0,22.0,2022,Chet Holmgren
0.0,0.0,0.0,0.0,0.0,0.0,0.0,0.0,21.0,2.0,21.0,2023,Jalen Hood-Schifino
82.0,68.0,72.0,68.0,67.0,28.0,69.0,63.0,65.0,39.0,38.0,2007,Al Horford
0.0,0.0,0.0,0.0,6.0,65.0,60.0,65.0,51.0,40.0,24.0,2019,Talen Horton-Tucker
0.0,0.0,0.0,0.0,0.0,0.0,0.0,51.0,59.0,34.0,22.0,2022,Caleb Houstan
0.0,0.0,0.0,0.0,0.0,0.0,0.0,0.0,18.0,42.0,21.0,2023,Jett Howard
0.0,0.0,0.0,75.0,56.0,69.0,74.0,75.0,64.0,43.0,26.0,2018,Kevin Huerter
0.0,0.0,0.0,0.0,0.0,0.0,4.0,7.0,20.0,43.0,27.0,Undrafted,Jay Huff
0.0,0.0,0.0,0.0,0.0,0.0,0.0,0.0,0.0,19.0,22.0,2024,Ariel Hukporti
0.0,0.0,0.0,0.0,63.0,23.0,53.0,67.0,57.0,36.0,27.0,2019,De'Andre Hunter
0.0,0.0,0.0,0.0,0.0,0.0,69.0,112.0,37.0,20.0,24.0,2021,Bones Hyland
0.0,0.0,0.0,0.0,0.0,0.0,0.0,0.0,0.0,39.0,22.0,2024,Oso Ighodaro
81.0,82.0,82.0,82.0,72.0,67.0,45.0,46.0,68.0,12.0,37.0,Undrafted,Joe Ingles
0.0,79.0,59.0,52.0,62.0,61.0,55.0,45.0,64.0,18.0,27.0,2016,Brandon Ingram
0.0,0.0,0.0,0.0,0.0,0.0,0.0,0.0,0.0,2.0,22.0,2024,Harrison Ingram
53.0,72.0,60.0,67.0,20.0,54.0,29.0,120.0,58.0,40.0,32.0,2011,Kyrie Irving
0.0,0.0,27.0,75.0,34.0,0.0,0.0,11.0,58.0,45.0,27.0,2017,Jonathan Isaac
0.0,0.0,0.0,0.0,0.0,0.0,0.0,74.0,77.0,30.0,22.0,2022,Jaden Ivey
0.0,0.0,0.0,0.0,0.0,0.0,0.0,0.0,0.0,8.0,20.0,2023,GG Jackson
0.0,0.0,0.0,0.0,0.0,0.0,36.0,63.0,59.0,5.0,23.0,2021,Isaiah Jackson
0.0,0.0,0.0,0.0,0.0,0.0,0.0,9.0,3.0,18.0,26.0,Undrafted,Quenton Jackson
79.0,52.0,45.0,82.0,31.0,67.0,75.0,136.0,82.0,30.0,34.0,2011,Reggie Jackson
0.0,0.0,0.0,0.0,0.0,0.0,0.0,0.0,57.0,46.0,23.0,2023,Andre Jackson Jr.
0.0,0.0,0.0,58.0,57.0,11.0,78.0,63.0,66.0,48.0,25.0,2018,Jaren Jackson Jr.
0.0,0.0,0.0,0.0,0.0,0.0,0.0,0.0,68.0,46.0,24.0,2023,Trayce Jackson-Davis
0.0,0.0,0.0,0.0,0.0,0.0,0.0,0.0,0.0,16.0,20.0,2024,Bronny James
76.0,74.0,82.0,55.0,67.0,45.0,56.0,55.0,71.0,45.0,40.0,2003,LeBron James
0.0,0.0,0.0,0.0,0.0,0.0,0.0,0.0,75.0,43.0,23.0,2023,Jaime Jaquez Jr.
0.0,0.0,0.0,0.0,13.0,31.0,3.0,0.0,17.0,16.0,27.0,Undrafted,DaQuan Jeffries
0.0,0.0,0.0,0.0,0.0,0.0,0.0,0.0,50.0,16.0,25.0,Undrafted,Trey Jemison
0.0,0.0,0.0,0.0,0.0,0.0,0.0,0.0,0.0,3.0,23.0,Undrafted,Daniss Jenkins
0.0,0.0,0.0,0.0,31.0,33.0,48.0,45.0,2.0,47.0,27.0,2019,Ty Jerome
0.0,0.0,0.0,0.0,0.0,41.0,55.0,73.0,78.0,44.0,25.0,2020,Isaiah Joe
0.0,0.0,0.0,0.0,0.0,0.0,0.0,0.0,0.0,7.0,20.0,2024,AJ Johnson
0.0,0.0,0.0,0.0,57.0,60.0,66.0,84.0,58.0,35.0,28.0,2019,Cameron Johnson
0.0,0.0,0.0,0.0,0.0,0.0,22.0,70.0,56.0,36.0,23.0,2021,Jalen Johnson
57.0,76.0,73.0,55.0,32.0,51.0,62.0,18.0,9.0,10.0,37.0,2009,James Johnson
0.0,0.0,0.0,0.0,17.0,69.0,75.0,63.0,69.0,44.0,25.0,2019,Keldon Johnson
0.0,0.0,0.0,0.0,0.0,0.0,37.0,40.0,5.0,48.0,22.0,2021,Keon Johnson
0.0,0.0,0.0,0.0,0.0,0.0,0.0,0.0,0.0,10.0,23.0,Undrafted,Keshad Johnson
0.0,0.0,0.0,0.0,0.0,0.0,0.0,0.0,9.0,0.0,,,Keyontae Johnson
80.0,73.0,75.0,80.0,73.0,72.0,74.0,0.0,0.0,44.0,29.0,2014,Nikola Jokić
0.0,0.0,0.0,0.0,0.0,0.0,0.0,0.0,30.0,23.0,22.0,2023,Colby Jones
0.0,0.0,0.0,0.0,0.0,0.0,0.0,0.0,0.0,29.0,23.0,2024,Dillon Jones
0.0,0.0,0.0,0.0,0.0,0.0,78.0,66.0,76.0,20.0,26.0,2021,Herbert Jones
0.0,0.0,0.0,0.0,0.0,0.0,0.0,0.0,0.0,24.0,24.0,Undrafted,Isaac Jones
0.0,0.0,0.0,0.0,0.0,0.0,21.0,46.0,0.0,27.0,24.0,2021,Kai Jones
0.0,0.0,0.0,0.0,0.0,32.0,4.0,0.0,5.0,4.0,26.0,Undrafted,Mason Jones
0.0,0.0,0.0,0.0,0.0,0.0,0.0,0.0,0.0,6.0,23.0,Undrafted,Spencer Jones
0.0,0.0,0.0,0.0,0.0,37.0,69.0,68.0,77.0,28.0,25.0,2020,Tre Jones
37.0,60.0,82.0,68.0,65.0,70.0,73.0,80.0,66.0,48.0,28.0,2015,Tyus Jones
0.0,32.0,20.0,60.0,59.0,58.0,51.0,64.0,76.0,48.0,27.0,Undrafted,Derrick Jones Jr.
77.0,81.0,77.0,69.0,56.0,57.0,48.0,39.0,36.0,35.0,36.0,2008,DeAndre Jordan
80.0,80.0,82.0,82.0,72.0,63.0,65.0,62.0,26.0,29.0,33.0,2011,Cory Joseph
0.0,0.0,0.0,0.0,0.0,0.0,0.0,0.0,0.0,39.0,21.0,2022,Nikola Jović
0.0,0.0,0.0,0.0,0.0,0.0,0.0,18.0,20.0,32.0,23.0,Undrafted,Johnny Juzang
81.0,75.0,79.0,47.0,39.0,47.0,9.0,72.0,0.0,0.0,,,Frank Kaminsky
0.0,0.0,0.0,0.0,0.0,0.0,0.0,0.0,0.0,18.0,23.0,Undrafted,Yuki Kawamura
0.0,0.0,0.0,0.0,0.0,0.0,0.0,0.0,0.0,4.0,27.0,Undrafted,Kylor Kelley
0.0,0.0,73.0,63.0,28.0,63.0,70.0,118.0,39.0,37.0,28.0,2017,Luke Kennard
0.0,0.0,0.0,0.0,0.0,0.0,0.0,74.0,64.0,38.0,23.0,2022,Walker Kessler
0.0,0.0,0.0,0.0,0.0,0.0,77.0,74.0,80.0,44.0,25.0,2021,Corey Kispert
0.0,0.0,72.0,71.0,74.0,50.0,59.0,37.0,43.0,34.0,33.0,Undrafted,Maxi Kleber
0.0,0.0,0.0,0.0,0.0,0.0,0.0,0.0,0.0,3.0,21.0,2024,Bobi Klintman
0.0,0.0,0.0,0.0,0.0,0.0,0.0,0.0,0.0,48.0,23.0,2024,Dalton Knecht
0.0,0.0,0.0,0.0,0.0,0.0,0.0,0.0,0.0,0.0,,,Kevin Knox II
0.0,0.0,0.0,0.0,0.0,0.0,0.0,0.0,0.0,28.0,23.0,2024,Tyler Kolek
0.0,0.0,0.0,0.0,0.0,0.0,0.0,58.0,0.0,27.0,24.0,2022,Christian Koloko
0.0,0.0,0.0,0.0,19.0,43.0,72.0,72.0,55.0,26.0,28.0,Undrafted,John Konchar
0.0,0.0,0.0,0.0,0.0,0.0,0.0,0.0,0.0,0.0,,,Miller Kopp
0.0,0.0,20.0,46.0,36.0,31.0,15.0,69.0,63.0,45.0,29.0,Undrafted,Luke Kornet
0.0,0.0,0.0,0.0,0.0,0.0,0.0,0.0,0.0,35.0,24.0,2020,Vít Krejčí
0.0,0.0,0.0,0.0,0.0,0.0,70.0,67.0,74.0,32.0,22.0,2021,Jonathan Kuminga
0.0,0.0,77.0,70.0,61.0,68.0,66.0,64.0,70.0,32.0,29.0,2017,Kyle Kuzma
0.0,0.0,0.0,0.0,0.0,0.0,0.0,35.0,35.0,46.0,23.0,2022,Jake LaRavia
82.0,47.0,24.0,63.0,60.0,58.0,67.0,77.0,25.0,42.0,29.0,2014,Zach LaVine
0.0,0.0,0.0,0.0,0.0,0.0,0.0,0.0,0.0,0.0,,,Skal Labissiere
0.0,0.0,0.0,0.0,0.0,0.0,54.0,69.0,56.0,24.0,29.0,Undrafted,Jock Landale
0.0,0.0,0.0,0.0,0.0,0.0,0.0,0.0,0.0,31.0,23.0,2024,Pelle Larsson
0.0,57.0,71.0,40.0,45.0,47.0,58.0,74.0,68.0,37.0,30.0,2016,Caris LeVert
0.0,0.0,15.0,32.0,49.0,57.0,63.0,74.0,0.0,12.0,32.0,Undrafted,Damion Lee
78.0,77.0,69.0,77.0,55.0,64.0,39.0,26.0,48.0,35.0,31.0,2013,Alex Len
72.0,74.0,9.0,60.0,57.0,52.0,0.0,52.0,68.0,12.0,33.0,2011,Kawhi Leonard
0.0,0.0,0.0,0.0,0.0,0.0,0.0,0.0,0.0,6.0,25.0,Undrafted,Malevy Leons
0.0,0.0,0.0,0.0,0.0,0.0,0.0,0.0,34.0,7.0,22.0,2023,Maxwell Lewis
0.0,0.0,0.0,0.0,0.0,54.0,24.0,25.0,56.0,0.0,,,Kira Lewis Jr.
0.0,0.0,0.0,0.0,0.0,0.0,0.0,0.0,8.0,6.0,24.0,2022,E.J. Liddell
75.0,75.0,73.0,80.0,66.0,67.0,29.0,58.0,73.0,40.0,34.0,2012,Damian Lillard
0.0,0.0,0.0,0.0,48.0,48.0,42.0,54.0,45.0,0.0,,,Nassir Little
0.0,0.0,0.0,0.0,0.0,0.0,0.0,0.0,55.0,32.0,20.0,2023,Dereck Lively II
0.0,0.0,0.0,0.0,0.0,0.0,0.0,0.0,21.0,11.0,21.0,2023,Chris Livingston
0.0,0.0,0.0,0.0,0.0,0.0,0.0,24.0,42.0,0.0,,,Kenneth Lofton Jr.
5.0,53.0,66.0,80.0,20.0,61.0,82.0,82.0,74.0,43.0,28.0,2015,Kevon Looney
73.0,75.0,74.0,81.0,68.0,70.0,13.0,78.0,79.0,47.0,36.0,2008,Brook Lopez
77.0,60.0,59.0,22.0,56.0,25.0,74.0,124.0,55.0,18.0,36.0,2008,Kevin Love
77.0,60.0,78.0,65.0,58.0,46.0,63.0,55.0,120.0,30.0,38.0,2006,Kyle Lowry
0.0,0.0,0.0,0.0,0.0,0.0,0.0,0.0,9.0,0.0,,,Seth Lundy
80.0,71.0,73.0,64.0,63.0,23.0,75.0,74.0,58.0,39.0,29.0,2015,Trey Lyles
0.0,57.0,74.0,64.0,60.0,8.0,0.0,0.0,0.0,0.0,,,Thon Maker
0.0,0.0,0.0,0.0,0.0,0.0,41.0,86.0,46.0,31.0,25.0,2021,Sandro Mamukelashvili
0.0,0.0,0.0,0.0,41.0,67.0,81.0,81.0,75.0,37.0,28.0,2019,Terance Mann
0.0,0.0,0.0,0.0,0.0,0.0,60.0,67.0,82.0,13.0,24.0,2021,Tre Mann
0.0,0.0,68.0,52.0,50.0,51.0,61.0,66.0,55.0,37.0,27.0,2017,Lauri Markkanen
0.0,0.0,0.0,0.0,0.0,32.0,55.0,77.0,66.0,38.0,27.0,Undrafted,Naji Marshall
0.0,0.0,0.0,0.0,18.0,53.0,60.0,71.0,64.0,31.0,29.0,Undrafted,Caleb Martin
0.0,0.0,0.0,0.0,48.0,52.0,71.0,7.0,28.0,39.0,29.0,2019,Cody Martin
0.0,0.0,0.0,0.0,0.0,0.0,0.0,0.0,0.0,3.0,21.0,Undrafted,Jaylen Martin
0.0,0.0,0.0,0.0,0.0,0.0,0.0,0.0,120.0,24.0,24.0,2020,KJ Martin
0.0,0.0,0.0,0.0,0.0,0.0,0.0,16.0,0.0,32.0,25.0,2022,Tyrese Martin
0.0,0.0,0.0,0.0,18.0,64.0,65.0,108.0,66.0,41.0,28.0,Undrafted,Garrison Mathews
0.0,0.0,0.0,0.0,0.0,0.0,0.0,78.0,59.0,47.0,22.0,2022,Bennedict Mathurin
0.0,0.0,0.0,0.0,0.0,0.0,0.0,0.0,0.0,12.0,23.0,2022,Karlo Matković
0.0,0.0,0.0,0.0,0.0,61.0,75.0,60.0,70.0,42.0,24.0,2020,Tyrese Maxey
0.0,0.0,0.0,0.0,0.0,33.0,28.0,6.0,76.0,0.0,,,Skylar Mays
0.0,0.0,0.0,0.0,0.0,0.0,40.0,64.0,68.0,41.0,24.0,2021,Miles McBride
0.0,0.0,0.0,0.0,0.0,0.0,0.0,0.0,0.0,23.0,20.0,2024,Jared McCain
0.0,0.0,0.0,0.0,0.0,0.0,2.0,2.0,0.0,1.0,26.0,Undrafted,Mac McClung
80.0,80.0,81.0,70.0,70.0,47.0,62.0,75.0,66.0,37.0,33.0,2013,CJ McCollum
81.0,81.0,76.0,76.0,71.0,69.0,27.0,75.0,71.0,48.0,32.0,2015,T.J. McConnell
0.0,0.0,0.0,0.0,0.0,0.0,0.0,0.0,0.0,0.0,,,Javante McCoy
0.0,0.0,0.0,0.0,0.0,0.0,0.0,0.0,0.0,0.0,,,Kevin McCullar Jr.
0.0,0.0,0.0,0.0,0.0,63.0,70.0,79.0,72.0,50.0,24.0,2020,Jaden McDaniels
0.0,0.0,0.0,0.0,16.0,47.0,55.0,160.0,50.0,0.0,,,Jalen McDaniels
0.0,0.0,0.0,0.0,0.0,0.0,0.0,46.0,59.0,8.0,22.0,2022,Bryce McGowens
0.0,0.0,0.0,0.0,30.0,51.0,62.0,43.0,56.0,28.0,28.0,Undrafted,Jordan McLaughlin
0.0,0.0,0.0,0.0,0.0,0.0,0.0,0.0,0.0,6.0,28.0,Undrafted,Jack McVeigh
0.0,0.0,0.0,50.0,60.0,52.0,73.0,77.0,38.0,6.0,26.0,2018,De'Anthony Melton
0.0,0.0,0.0,0.0,0.0,0.0,0.0,0.0,25.0,0.0,,,Nathan Mensah
0.0,0.0,0.0,0.0,0.0,30.0,6.0,5.0,61.0,42.0,28.0,2020,Sam Merrill
0.0,0.0,0.0,0.0,0.0,0.0,0.0,0.0,0.0,36.0,31.0,2014,Vasilije Micić
79.0,29.0,82.0,77.0,62.0,68.0,66.0,33.0,55.0,23.0,33.0,2012,Khris Middleton
0.0,0.0,0.0,0.0,0.0,0.0,0.0,0.0,74.0,27.0,22.0,2023,Brandon Miller
0.0,0.0,0.0,0.0,0.0,0.0,0.0,0.0,0.0,0.0,,,Emanuel Miller
0.0,0.0,0.0,0.0,0.0,0.0,0.0,0.0,8.0,29.0,25.0,2023,Jordan Miller
0.0,0.0,0.0,0.0,0.0,0.0,0.0,0.0,17.0,5.0,21.0,2023,Leonard Miller
81.0,80.0,82.0,82.0,66.0,68.0,81.0,40.0,64.0,17.0,36.0,2009,Patty Mills
0.0,0.0,0.0,20.0,40.0,63.0,55.0,76.0,96.0,27.0,28.0,2018,Shake Milton
0.0,0.0,0.0,0.0,0.0,0.0,0.0,4.0,34.0,6.0,25.0,Undrafted,Justin Minaya
0.0,0.0,0.0,0.0,0.0,0.0,0.0,0.0,0.0,1.0,24.0,Undrafted,Riley Minix
0.0,0.0,0.0,0.0,0.0,0.0,0.0,15.0,32.0,30.0,22.0,2022,Josh Minott
0.0,0.0,0.0,0.0,0.0,0.0,0.0,0.0,0.0,0.0,,,Judah Mintz
0.0,0.0,0.0,0.0,0.0,0.0,0.0,0.0,0.0,47.0,20.0,2024,Yves Missi
0.0,0.0,0.0,0.0,0.0,0.0,0.0,0.0,0.0,34.0,22.0,2024,Ajay Mitchell
0.0,0.0,0.0,0.0,0.0,0.0,75.0,80.0,72.0,43.0,26.0,2021,Davion Mitchell
0.0,0.0,79.0,77.0,69.0,53.0,67.0,68.0,55.0,48.0,28.0,2017,Donovan Mitchell
0.0,0.0,0.0,0.0,0.0,0.0,69.0,79.0,50.0,44.0,23.0,2021,Evan Mobley
0.0,0.0,0.0,0.0,0.0,0.0,0.0,13.0,10.0,0.0,,,Isaiah Mobley
0.0,0.0,0.0,0.0,0.0,0.0,0.0,0.0,0.0,37.0,23.0,2024,Jonathan Mogbo
0.0,0.0,63.0,73.0,55.0,42.0,76.0,77.0,72.0,41.0,26.0,2017,Malik Monk
0.0,0.0,0.0,0.0,0.0,0.0,52.0,63.0,66.0,42.0,22.0,2021,Moses Moody
0.0,0.0,0.0,0.0,0.0,0.0,0.0,0.0,0.0,2.0,26.0,Undrafted,Tazé Moore
0.0,0.0,0.0,0.0,0.0,0.0,0.0,29.0,25.0,20.0,23.0,2022,Wendell Moore Jr.
0.0,0.0,0.0,0.0,67.0,63.0,57.0,61.0,9.0,29.0,25.0,2019,Ja Morant
64.0,76.0,73.0,58.0,58.0,61.0,17.0,70.0,26.0,7.0,35.0,2011,Markieff Morris
0.0,0.0,0.0,0.0,0.0,0.0,0.0,0.0,0.0,38.0,29.0,2017,Monté Morris
0.0,0.0,0.0,0.0,0.0,0.0,62.0,79.0,57.0,34.0,24.0,2021,Trey Murphy III
0.0,38.0,81.0,0.0,66.0,67.0,68.0,74.0,78.0,31.0,28.0,2016,Dejounte Murray
0.0,82.0,81.0,75.0,59.0,48.0,0.0,65.0,59.0,44.0,27.0,2016,Jamal Murray
0.0,0.0,0.0,0.0,0.0,0.0,0.0,80.0,77.0,46.0,24.0,2022,Keegan Murray
0.0,0.0,0.0,0.0,0.0,0.0,0.0,0.0,62.0,42.0,24.0,2023,Kris Murray
0.0,0.0,0.0,42.0,56.0,66.0,56.0,64.0,41.0,18.0,27.0,2018,Svi Mykhailiuk
0.0,0.0,0.0,0.0,0.0,0.0,0.0,0.0,8.0,7.0,24.0,Undrafted,Pete Nance
63.0,63.0,66.0,67.0,56.0,35.0,46.0,65.0,61.0,20.0,32.0,2015,Larry Nance Jr.
0.0,0.0,0.0,0.0,0.0,0.0,0.0,75.0,68.0,33.0,25.0,2022,Andrew Nembhard
0.0,0.0,0.0,0.0,0.0,46.0,52.0,73.0,72.0,14.0,25.0,2020,Aaron Nesmith
0.0,0.0,0.0,0.0,0.0,0.0,0.0,0.0,0.0,5.0,23.0,2024,Tristen Newton
0.0,23.0,9.0,59.0,66.0,72.0,76.0,78.0,82.0,50.0,31.0,2016,Georges Niang
0.0,0.0,0.0,0.0,0.0,0.0,24.0,57.0,15.0,3.0,22.0,Undrafted,Daishen Nix
0.0,0.0,0.0,0.0,0.0,42.0,41.0,53.0,58.0,29.0,24.0,2020,Zeke Nnaji
0.0,0.0,0.0,0.0,15.0,42.0,62.0,65.0,26.0,8.0,25.0,2019,Jaylen Nowell
0.0,0.0,0.0,0.0,0.0,0.0,0.0,0.0,1.0,0.0,,,Markquis Nowell
32.0,65.0,79.0,72.0,8.0,37.0,56.0,0.0,0.0,25.0,30.0,2014,Jusuf Nurkić
0.0,0.0,69.0,82.0,71.0,71.0,77.0,76.0,158.0,43.0,31.0,Undrafted,Royce O'Neale
0.0,0.0,0.0,0.0,0.0,45.0,70.0,27.0,47.0,0.0,,,Chuma Okeke
0.0,0.0,0.0,74.0,62.0,59.0,49.0,72.0,60.0,25.0,26.0,2018,Josh Okogie
0.0,0.0,0.0,0.0,0.0,50.0,48.0,80.0,55.0,43.0,24.0,2020,Onyeka Okongwu
0.0,0.0,0.0,0.0,0.0,67.0,67.0,76.0,69.0,28.0,24.0,2020,Isaac Okoro
0.0,0.0,0.0,0.0,0.0,0.0,0.0,0.0,0.0,2.0,23.0,Undrafted,Quincy Olivari
69.0,75.0,76.0,79.0,67.0,70.0,40.0,68.0,156.0,23.0,33.0,2013,Kelly Olynyk
0.0,0.0,0.0,0.0,0.0,0.0,4.0,80.0,43.0,0.0,,,Eugene Omoruyi
0.0,0.0,0.0,0.0,10.0,54.0,16.0,0.0,0.0,0.0,,,Miye Oni
63.0,79.0,81.0,69.0,56.0,55.0,76.0,48.0,68.0,46.0,29.0,2015,Kelly Oubre Jr.
0.0,0.0,0.0,0.0,27.0,1.0,0.0,0.0,0.0,0.0,,,Anžejs Pasečņiks
74.0,61.0,58.0,58.0,70.0,70.0,65.0,59.0,58.0,47.0,39.0,2005,Chris Paul
57.0,31.0,25.0,40.0,8.0,60.0,58.0,48.0,156.0,45.0,30.0,2015,Cameron Payne
0.0,6.0,23.0,3.0,29.0,10.0,71.0,44.0,44.0,38.0,32.0,Undrafted,Gary Payton II
0.0,0.0,0.0,0.0,0.0,0.0,0.0,0.0,0.0,0.0,,,Mãozinha Pereira
0.0,0.0,0.0,0.0,0.0,0.0,0.0,0.0,3.0,13.0,25.0,Undrafted,Drew Peterson
0.0,0.0,0.0,0.0,0.0,0.0,0.0,0.0,40.0,49.0,21.0,2023,Julian Phillips
0.0,0.0,0.0,0.0,0.0,0.0,0.0,0.0,27.0,20.0,25.0,2023,Jalen Pickett
0.0,0.0,0.0,0.0,0.0,0.0,0.0,6.0,21.0,50.0,24.0,Undrafted,Scotty Pippen Jr.
0.0,0.0,0.0,0.0,0.0,0.0,0.0,0.0,0.0,2.0,26.0,Undrafted,Daeqwon Plowden
82.0,81.0,74.0,82.0,61.0,56.0,73.0,158.0,46.0,48.0,34.0,2013,Mason Plumlee
0.0,0.0,0.0,0.0,0.0,0.0,0.0,0.0,74.0,36.0,21.0,2023,Brandin Podziemski
0.0,0.0,0.0,0.0,57.0,51.0,76.0,82.0,78.0,42.0,25.0,2019,Jordan Poole
0.0,0.0,0.0,0.0,0.0,0.0,0.0,0.0,51.0,29.0,24.0,Undrafted,Craig Porter Jr.
0.0,0.0,0.0,0.0,50.0,26.0,61.0,59.0,0.0,45.0,24.0,2019,Kevin Porter Jr.
0.0,0.0,0.0,0.0,55.0,61.0,9.0,62.0,81.0,50.0,26.0,2018,Michael Porter Jr.
62.0,64.0,73.0,50.0,66.0,66.0,72.0,70.0,82.0,41.0,29.0,2015,Bobby Portis
72.0,66.0,48.0,0.0,57.0,43.0,51.0,0.0,0.0,26.0,29.0,2015,Kristaps Porziņģis
0.0,0.0,0.0,0.0,0.0,0.0,0.0,0.0,0.0,11.0,24.0,2024,Quinten Post
0.0,0.0,0.0,0.0,0.0,0.0,3.0,7.0,16.0,20.0,26.0,Undrafted,Micah Potter
69.0,77.0,79.0,77.0,40.0,58.0,82.0,76.0,63.0,33.0,33.0,2014,Dwight Powell
49.0,76.0,70.0,60.0,52.0,69.0,45.0,60.0,76.0,41.0,31.0,2015,Norman Powell
0.0,0.0,0.0,0.0,0.0,0.0,0.0,14.0,7.0,0.0,,,Jason Preston
0.0,59.0,82.0,55.0,64.0,41.0,69.0,54.0,78.0,48.0,30.0,2016,Taurean Prince
0.0,0.0,0.0,0.0,0.0,66.0,71.0,48.0,82.0,50.0,27.0,2020,Payton Pritchard
0.0,0.0,0.0,0.0,0.0,0.0,0.0,0.0,40.0,40.0,22.0,2023,Olivier-Maxence Prosper
0.0,0.0,0.0,0.0,0.0,0.0,0.0,0.0,0.0,1.0,,,Zyon Pullin
0.0,0.0,0.0,0.0,0.0,0.0,0.0,0.0,0.0,45.0,29.0,2016,Jakob Pöltl
0.0,0.0,0.0,0.0,0.0,0.0,10.0,7.0,14.0,21.0,27.0,Undrafted,Trevelin Queen
0.0,0.0,0.0,0.0,0.0,0.0,14.0,5.0,28.0,39.0,25.0,2021,Neemias Queta
0.0,0.0,0.0,0.0,0.0,64.0,78.0,81.0,136.0,12.0,25.0,2020,Immanuel Quickley
0.0,0.0,0.0,0.0,0.0,0.0,0.0,4.0,37.0,4.0,24.0,Undrafted,Lester Quinones
0.0,0.0,0.0,0.0,0.0,13.0,19.0,0.0,7.0,0.0,,,Jahmi'us Ramsey
81.0,74.0,82.0,73.0,64.0,71.0,72.0,77.0,46.0,48.0,30.0,2014,Julius Randle
0.0,0.0,0.0,0.0,0.0,0.0,0.0,0.0,68.0,25.0,28.0,Undrafted,Duop Reath
0.0,0.0,0.0,0.0,0.0,0.0,61.0,64.0,82.0,43.0,26.0,Undrafted,Austin Reaves
0.0,0.0,0.0,0.0,58.0,26.0,49.0,80.0,48.0,31.0,25.0,2019,Cam Reddish
0.0,0.0,0.0,0.0,0.0,26.0,38.0,69.0,82.0,27.0,25.0,2020,Paul Reed
0.0,0.0,0.0,0.0,0.0,0.0,0.0,0.0,0.0,1.0,25.0,Undrafted,Alex Reese
0.0,0.0,0.0,0.0,0.0,0.0,0.0,0.0,0.0,19.0,22.0,2024,Antonio Reeves
0.0,0.0,0.0,0.0,30.0,70.0,77.0,68.0,81.0,49.0,25.0,Undrafted,Naz Reid
0.0,0.0,0.0,0.0,0.0,0.0,0.0,14.0,17.0,4.0,25.0,Undrafted,Jared Rhoden
0.0,0.0,0.0,0.0,0.0,18.0,50.0,65.0,67.0,21.0,27.0,2020,Nick Richards
52.0,53.0,81.0,73.0,55.0,59.0,65.0,130.0,43.0,8.0,31.0,2015,Josh Richardson
0.0,0.0,0.0,0.0,0.0,0.0,0.0,0.0,0.0,0.0,,,Will Richardson
0.0,0.0,0.0,0.0,0.0,0.0,0.0,0.0,0.0,43.0,19.0,2024,Zaccharie Risacher
0.0,0.0,0.0,0.0,0.0,0.0,0.0,0.0,0.0,13.0,25.0,Undrafted,Liam Robbins
0.0,0.0,0.0,15.0,73.0,72.0,79.0,42.0,68.0,46.0,30.0,Undrafted,Duncan Robinson
0.0,0.0,0.0,66.0,61.0,31.0,72.0,59.0,31.0,0.0,,,Mitchell Robinson
0.0,0.0,0.0,0.0,0.0,0.0,0.0,31.0,36.0,9.0,24.0,Undrafted,Orlando Robinson
0.0,0.0,0.0,0.0,0.0,0.0,49.0,43.0,39.0,41.0,24.0,2021,Jeremiah Robinson-Earl
0.0,0.0,0.0,0.0,0.0,0.0,0.0,70.0,130.0,27.0,23.0,2022,David Roddy
0.0,0.0,0.0,0.0,0.0,0.0,0.0,12.0,26.0,32.0,22.0,2022,Ryan Rollins
0.0,0.0,0.0,0.0,0.0,0.0,0.0,0.0,0.0,0.0,,,Jackson Rowe
39.0,74.0,80.0,79.0,63.0,69.0,73.0,63.0,122.0,44.0,30.0,2015,Terry Rozier
0.0,0.0,0.0,0.0,0.0,0.0,0.0,0.0,39.0,35.0,20.0,2023,Rayan Rupert
80.0,63.0,48.0,81.0,45.0,42.0,65.0,142.0,76.0,29.0,28.0,2015,D'Angelo Russell
0.0,0.0,0.0,0.0,0.0,0.0,0.0,0.0,0.0,0.0,,,Cormac Ryan
0.0,0.0,0.0,0.0,0.0,0.0,1.0,68.0,28.0,17.0,27.0,Undrafted,Matt Ryan
0.0,81.0,74.0,74.0,62.0,62.0,62.0,79.0,82.0,46.0,28.0,2016,Domantas Sabonis
0.0,0.0,0.0,0.0,0.0,0.0,0.0,0.0,0.0,34.0,19.0,2024,Tidjane Salaün
0.0,0.0,0.0,0.0,0.0,0.0,0.0,0.0,0.0,0.0,,,Jermaine Samuels Jr.
0.0,0.0,0.0,0.0,0.0,0.0,0.0,0.0,9.0,4.0,22.0,Undrafted,Adama Sanogo
0.0,0.0,0.0,0.0,0.0,0.0,0.0,0.0,23.0,25.0,22.0,2022,Gui Santos
0.0,0.0,0.0,0.0,0.0,0.0,0.0,0.0,0.0,41.0,19.0,2024,Alexandre Sarr
0.0,0.0,0.0,0.0,0.0,0.0,0.0,0.0,71.0,39.0,24.0,2023,Marcus Sasser
0.0,0.0,0.0,0.0,0.0,0.0,0.0,0.0,0.0,9.0,24.0,2024,Baylor Scheierman
80.0,79.0,67.0,79.0,65.0,61.0,64.0,0.0,0.0,23.0,31.0,2013,Dennis Schröder
0.0,0.0,0.0,0.0,0.0,4.0,18.0,2.0,0.0,0.0,,,Jay Scrubb
0.0,0.0,0.0,0.0,0.0,0.0,0.0,5.0,6.0,0.0,,,Dereon Seabron
0.0,0.0,0.0,0.0,0.0,0.0,0.0,0.0,63.0,47.0,22.0,2021,Alperen Sengun
0.0,0.0,0.0,0.0,0.0,0.0,0.0,0.0,32.0,38.0,21.0,2023,Brice Sensabaugh
0.0,0.0,0.0,82.0,65.0,60.0,11.0,48.0,78.0,46.0,26.0,2018,Collin Sexton
0.0,0.0,0.0,79.0,53.0,61.0,69.0,40.0,46.0,19.0,27.0,2018,Landry Shamet
0.0,0.0,0.0,0.0,0.0,0.0,0.0,0.0,0.0,10.0,24.0,2024,Terrence Shannon Jr.
0.0,0.0,0.0,0.0,0.0,0.0,0.0,0.0,0.0,0.0,,,Jamarion Sharp
0.0,0.0,0.0,0.0,0.0,0.0,32.0,48.0,61.0,28.0,23.0,2021,Day'Ron Sharpe
0.0,0.0,0.0,0.0,0.0,0.0,0.0,80.0,32.0,43.0,21.0,2022,Shaedon Sharpe
0.0,0.0,0.0,0.0,0.0,0.0,0.0,0.0,0.0,44.0,22.0,2024,Jamal Shead
0.0,0.0,0.0,0.0,0.0,0.0,0.0,0.0,57.0,35.0,23.0,2023,Ben Sheppard
0.0,0.0,0.0,0.0,0.0,0.0,0.0,0.0,0.0,35.0,20.0,2024,Reed Sheppard
0.0,55.0,81.0,80.0,60.0,56.0,68.0,71.0,160.0,49.0,30.0,2016,Pascal Siakam
0.0,0.0,81.0,79.0,57.0,58.0,0.0,42.0,15.0,32.0,28.0,2016,Ben Simmons
0.0,0.0,0.0,20.0,70.0,64.0,57.0,62.0,46.0,47.0,25.0,2018,Anfernee Simons
0.0,0.0,0.0,0.0,0.0,0.0,0.0,0.0,0.0,17.0,22.0,2024,K.J. Simpson
0.0,0.0,0.0,0.0,0.0,0.0,41.0,52.0,45.0,39.0,26.0,2021,Jericho Sims
0.0,0.0,0.0,0.0,0.0,0.0,0.0,0.0,2.0,0.0,,,Dmytro Skapintsev
0.0,0.0,0.0,0.0,0.0,0.0,0.0,0.0,12.0,0.0,,,Jalen Slawson
0.0,0.0,0.0,0.0,0.0,0.0,17.0,0.0,1.0,0.0,,,Javonte Smart
61.0,79.0,54.0,80.0,60.0,48.0,71.0,61.0,20.0,18.0,30.0,2014,Marcus Smart
0.0,0.0,0.0,0.0,0.0,0.0,0.0,30.0,9.0,14.0,27.0,Undrafted,Dru Smith
0.0,0.0,0.0,0.0,0.0,27.0,51.0,68.0,61.0,46.0,24.0,2020,Jalen Smith
0.0,0.0,0.0,0.0,0.0,0.0,0.0,0.0,0.0,0.0,,,Tolu Smith
0.0,0.0,0.0,0.0,0.0,0.0,0.0,0.0,0.0,14.0,20.0,2024,Tyler Smith
0.0,0.0,0.0,6.0,7.0,0.0,0.0,0.0,0.0,0.0,,,Zhaire Smith
0.0,0.0,0.0,0.0,0.0,0.0,0.0,79.0,76.0,33.0,21.0,2022,Jabari Smith Jr.
0.0,0.0,0.0,0.0,0.0,0.0,0.0,0.0,51.0,29.0,20.0,2023,Nick Smith Jr.
0.0,0.0,0.0,0.0,0.0,0.0,0.0,56.0,74.0,28.0,21.0,2022,Jeremy Sochan
0.0,0.0,0.0,0.0,0.0,0.0,0.0,0.0,0.0,10.0,24.0,2024,Cam Spencer
0.0,0.0,0.0,0.0,0.0,0.0,0.0,0.0,6.0,18.0,28.0,Undrafted,Pat Spencer
0.0,0.0,0.0,0.0,0.0,0.0,2.0,16.0,98.0,26.0,22.0,2021,Jaden Springer
0.0,0.0,0.0,0.0,0.0,0.0,0.0,0.0,0.0,0.0,,,Isaiah Stevens
0.0,0.0,0.0,0.0,0.0,40.0,63.0,62.0,76.0,0.0,,,Lamar Stevens
0.0,0.0,0.0,0.0,0.0,0.0,0.0,0.0,0.0,0.0,,,Erik Stevenson
0.0,0.0,0.0,0.0,0.0,0.0,0.0,0.0,0.0,0.0,,,DJ Steward
0.0,0.0,0.0,0.0,0.0,68.0,71.0,50.0,46.0,45.0,23.0,2020,Isaiah Stewart
0.0,0.0,0.0,0.0,0.0,0.0,0.0,0.0,50.0,50.0,22.0,2023,Julian Strawther
0.0,0.0,0.0,0.0,2.0,39.0,68.0,80.0,70.0,22.0,28.0,Undrafted,Max Strus
0.0,0.0,0.0,0.0,0.0,0.0,48.0,53.0,75.0,35.0,23.0,2021,Jalen Suggs
0.0,0.0,0.0,0.0,0.0,0.0,0.0,7.0,18.0,2.0,25.0,Undrafted,Cole Swider
0.0,0.0,0.0,0.0,0.0,70.0,78.0,31.0,65.0,31.0,29.0,Undrafted,Jae'Sean Tate
0.0,0.0,80.0,79.0,66.0,64.0,76.0,74.0,74.0,48.0,26.0,2017,Jayson Tatum
0.0,0.0,0.0,0.0,0.0,0.0,33.0,62.0,31.0,0.0,,,Terry Taylor
80.0,65.0,65.0,75.0,62.0,56.0,59.0,25.0,27.0,17.0,38.0,Undrafted,Garrett Temple
0.0,0.0,0.0,0.0,0.0,0.0,0.0,38.0,59.0,47.0,22.0,2022,Dalen Terry
0.0,0.0,63.0,66.0,65.0,65.0,47.0,7.0,120.0,38.0,32.0,Undrafted,Daniel Theis
0.0,0.0,0.0,0.0,0.0,32.0,12.0,0.0,0.0,0.0,,,Brodric Thomas
0.0,0.0,0.0,0.0,0.0,0.0,67.0,57.0,66.0,19.0,23.0,2021,Cam Thomas
0.0,0.0,0.0,0.0,0.0,0.0,0.0,0.0,62.0,47.0,22.0,2023,Amen Thompson
0.0,0.0,0.0,0.0,0.0,0.0,0.0,0.0,63.0,28.0,22.0,2023,Ausar Thompson
0.0,0.0,0.0,0.0,0.0,0.0,0.0,0.0,0.0,0.0,,,Ethan Thompson
80.0,78.0,73.0,78.0,0.0,0.0,32.0,69.0,77.0,44.0,34.0,2011,Klay Thompson
82.0,78.0,53.0,43.0,57.0,54.0,57.0,0.0,49.0,25.0,33.0,2011,Tristan Thompson
0.0,0.0,0.0,0.0,0.0,0.0,33.0,69.0,63.0,9.0,22.0,2021,JT Thor
0.0,0.0,0.0,0.0,65.0,65.0,66.0,142.0,65.0,0.0,,,Matisse Thybulle
0.0,0.0,0.0,0.0,0.0,0.0,0.0,0.0,0.0,26.0,26.0,2020,Xavier Tillman
0.0,0.0,0.0,0.0,0.0,0.0,0.0,0.0,0.0,0.0,,,Nikola Topić
0.0,0.0,0.0,0.0,0.0,0.0,0.0,0.0,9.0,16.0,24.0,Undrafted,Jacob Toppin
0.0,0.0,0.0,0.0,0.0,62.0,72.0,67.0,82.0,46.0,26.0,2020,Obi Toppin
82.0,82.0,82.0,77.0,35.0,50.0,74.0,29.0,62.0,46.0,29.0,2015,Karl-Anthony Towns
0.0,0.0,0.0,0.0,0.0,0.0,0.0,0.0,0.0,9.0,22.0,Undrafted,Armel Traoré
0.0,0.0,0.0,0.0,0.0,0.0,0.0,0.0,0.0,6.0,23.0,2022,Luke Travers
0.0,0.0,0.0,15.0,61.0,58.0,70.0,66.0,71.0,43.0,26.0,2018,Gary Trent Jr.
0.0,0.0,0.0,0.0,0.0,0.0,0.0,0.0,8.0,3.0,25.0,Undrafted,Oscar Tshiebwe
0.0,0.0,0.0,0.0,0.0,0.0,0.0,0.0,0.0,0.0,,,Jordan Tucker
82.0,81.0,82.0,82.0,72.0,52.0,71.0,75.0,62.0,0.0,,,P.J. Tucker
60.0,81.0,65.0,74.0,62.0,47.0,42.0,62.0,77.0,45.0,28.0,2015,Myles Turner
0.0,0.0,0.0,0.0,0.0,0.0,0.0,0.0,18.0,34.0,24.0,2023,Hunter Tyson
0.0,0.0,0.0,0.0,0.0,0.0,0.0,0.0,0.0,31.0,22.0,2024,Jaylon Tyson
0.0,0.0,0.0,0.0,0.0,0.0,0.0,1.0,24.0,19.0,25.0,Undrafted,Stanley Umude
60.0,80.0,77.0,49.0,70.0,62.0,74.0,0.0,0.0,49.0,32.0,2011,Jonas Valančiūnas
0.0,37.0,76.0,64.0,54.0,52.0,65.0,69.0,73.0,45.0,30.0,Undrafted,Fred VanVleet
0.0,0.0,0.0,17.0,11.0,64.0,74.0,156.0,29.0,5.0,25.0,2018,Jarred Vanderbilt
0.0,0.0,0.0,0.0,0.0,62.0,71.0,38.0,68.0,32.0,24.0,2020,Devin Vassell
0.0,0.0,0.0,0.0,9.0,50.0,68.0,68.0,11.0,41.0,28.0,Undrafted,Gabe Vincent
0.0,0.0,0.0,0.0,0.0,0.0,0.0,0.0,10.0,9.0,21.0,2023,Tristan Vukcevic
65.0,75.0,57.0,80.0,62.0,70.0,73.0,0.0,0.0,50.0,34.0,2011,Nikola Vučević
0.0,0.0,0.0,0.0,12.0,63.0,51.0,44.0,54.0,35.0,28.0,Undrafted,Dean Wade
0.0,0.0,0.0,0.0,0.0,0.0,79.0,80.0,72.0,31.0,23.0,2021,Franz Wagner
0.0,0.0,0.0,43.0,45.0,45.0,63.0,57.0,80.0,30.0,27.0,2018,Moritz Wagner
0.0,0.0,0.0,0.0,0.0,0.0,0.0,56.0,72.0,37.0,22.0,2022,Jabari Walker
0.0,0.0,0.0,0.0,0.0,0.0,0.0,0.0,33.0,48.0,21.0,2023,Jarace Walker
0.0,0.0,0.0,17.0,61.0,60.0,70.0,56.0,58.0,0.0,,,Lonnie Walker IV
0.0,0.0,0.0,0.0,0.0,0.0,0.0,0.0,82.0,46.0,21.0,2023,Cason Wallace
0.0,0.0,0.0,0.0,0.0,0.0,0.0,0.0,0.0,22.0,25.0,Undrafted,Keaton Wallace
0.0,0.0,0.0,0.0,0.0,0.0,0.0,0.0,9.0,34.0,20.0,2023,Jordan Walsh
0.0,0.0,0.0,0.0,0.0,0.0,0.0,0.0,0.0,31.0,20.0,2024,Ja'Kobe Walter
0.0,0.0,0.0,0.0,0.0,0.0,0.0,0.0,0.0,33.0,20.0,2024,Kel'el Ware
47.0,66.0,65.0,43.0,67.0,4.0,0.0,84.0,11.0,0.0,,,T.J. Warren
0.0,0.0,0.0,0.0,58.0,64.0,65.0,73.0,146.0,42.0,26.0,2019,P.J. Washington
0.0,0.0,0.0,0.0,0.0,0.0,0.0,31.0,11.0,4.0,23.0,2022,TyTy Washington Jr.
0.0,0.0,0.0,0.0,0.0,0.0,25.0,41.0,38.0,38.0,27.0,Undrafted,Lindy Waters III
0.0,0.0,0.0,0.0,0.0,0.0,48.0,62.0,63.0,16.0,24.0,Undrafted,Trendon Watford
0.0,0.0,0.0,0.0,0.0,0.0,0.0,0.0,0.0,0.0,,,Anton Watson
0.0,0.0,0.0,0.0,0.0,0.0,0.0,23.0,80.0,48.0,22.0,2022,Peyton Watson
0.0,0.0,0.0,0.0,0.0,0.0,0.0,0.0,0.0,50.0,21.0,2024,Jaylen Wells
0.0,0.0,0.0,0.0,0.0,0.0,0.0,0.0,71.0,41.0,21.0,2023,Victor Wembanyama
0.0,0.0,0.0,0.0,0.0,0.0,0.0,37.0,61.0,31.0,21.0,2022,Blake Wesley
80.0,81.0,80.0,73.0,57.0,65.0,78.0,146.0,68.0,48.0,36.0,2008,Russell Westbrook
0.0,0.0,0.0,0.0,65.0,69.0,61.0,74.0,79.0,44.0,24.0,2019,Coby White
0.0,0.0,17.0,67.0,68.0,36.0,75.0,82.0,73.0,48.0,30.0,2017,Derrick White
0.0,0.0,0.0,0.0,0.0,0.0,0.0,0.0,2.0,8.0,20.0,2023,Dariq Whitehead
0.0,0.0,0.0,0.0,0.0,0.0,0.0,0.0,47.0,31.0,20.0,2023,Cam Whitmore
0.0,0.0,0.0,0.0,0.0,0.0,50.0,70.0,78.0,48.0,26.0,2021,Aaron Wiggins
81.0,82.0,82.0,73.0,54.0,71.0,73.0,37.0,71.0,43.0,29.0,2014,Andrew Wiggins
0.0,0.0,0.0,0.0,0.0,0.0,0.0,1.0,7.0,1.0,25.0,Undrafted,Alondes Williams
0.0,0.0,0.0,0.0,0.0,0.0,24.0,0.0,17.0,17.0,25.0,Undrafted,Brandon Williams
0.0,0.0,0.0,0.0,0.0,0.0,0.0,0.0,0.0,26.0,20.0,2024,Cody Williams
0.0,0.0,0.0,0.0,69.0,63.0,77.0,79.0,152.0,16.0,26.0,2019,Grant Williams
0.0,0.0,0.0,0.0,0.0,0.0,0.0,75.0,71.0,45.0,23.0,2022,Jalen Williams
0.0,0.0,0.0,0.0,0.0,0.0,0.0,49.0,69.0,21.0,22.0,2022,Jaylin Williams
0.0,0.0,0.0,46.0,39.0,66.0,49.0,53.0,69.0,37.0,30.0,Undrafted,Kenrich Williams
0.0,0.0,0.0,0.0,0.0,0.0,0.0,43.0,19.0,22.0,23.0,2022,Mark Williams
0.0,0.0,0.0,0.0,0.0,0.0,0.0,0.0,0.0,6.0,25.0,Undrafted,Nate Williams
0.0,0.0,0.0,0.0,0.0,71.0,17.0,82.0,43.0,41.0,23.0,2020,Patrick Williams
0.0,0.0,0.0,0.0,0.0,0.0,62.0,37.0,51.0,36.0,23.0,2021,Ziaire Williams
0.0,0.0,0.0,0.0,0.0,0.0,0.0,0.0,0.0,18.0,27.0,2018,Robert Williams III
0.0,0.0,0.0,0.0,0.0,0.0,0.0,15.0,52.0,3.0,24.0,2022,Vince Williams Jr.
0.0,0.0,0.0,0.0,24.0,61.0,0.0,29.0,70.0,14.0,24.0,2019,Zion Williamson
0.0,0.0,0.0,0.0,0.0,0.0,0.0,0.0,43.0,49.0,24.0,2023,Jalen Wilson
0.0,0.0,0.0,0.0,0.0,39.0,0.0,90.0,63.0,1.0,23.0,2020,James Wiseman
17.0,13.0,0.0,21.0,62.0,41.0,68.0,67.0,50.0,0.0,,,Christian Wood
0.0,0.0,0.0,0.0,0.0,0.0,0.0,0.0,0.0,0.0,,,Moses Wood
27.0,27.0,69.0,75.0,73.0,63.0,77.0,50.0,94.0,26.0,32.0,2015,Delon Wright
0.0,0.0,33.0,41.0,0.0,0.0,0.0,0.0,0.0,47.0,29.0,2016,Guerschon Yabusele
0.0,0.0,0.0,0.0,0.0,0.0,0.0,0.0,0.0,5.0,21.0,Undrafted,Cui Yongxi
0.0,0.0,0.0,81.0,60.0,63.0,76.0,73.0,54.0,46.0,26.0,2018,Trae Young
73.0,62.0,33.0,49.0,58.0,48.0,27.0,15.0,43.0,0.0,,,Cody Zeller
0.0,38.0,43.0,59.0,72.0,72.0,76.0,76.0,68.0,48.0,27.0,2016,Ivica Zubac
0.0,0.0,0.0,0.0,0.0,0.0,0.0,0.0,0.0,47.0,23.0,2024,Tristan da Silva
0.0,0.0,0.0,0.0,14.0,41.0,15.0,0.0,0.0,4.0,27.0,2017,Vlatko Čančar
0.0,81.0,78.0,81.0,66.0,50.0,0.0,0.0,0.0,13.0,30.0,2014,Dario Šarić
